Wikipedia namein native language,Language,Script (ISO15924 code),WPcode,Activeusers,Launch date,Logo
Deutschsprachige Wikipedia,German,Latn,de,"16,897",16 March 2001,
WikipÃ©dia en franÃ§ais,French,Latn,fr,"16,154",23 March 2001,
Wikipedia en espaÃ±ol,Spanish,Latn,es,"13,407",20 May 2001,
ã‚¦ã‚£ã‚­ãƒšãƒ‡ã‚£ã‚¢æ—¥æœ¬èªç‰ˆ(Wikipedia nihongo-ban),Japanese,Jpan,ja,"12,682",20 May 2001,
Ğ ÑƒÑÑĞºĞ°Ñ Ğ’Ğ¸ĞºĞ¸Ğ¿ĞµĞ´Ğ¸Ñ(Russkaya Vikipediya),Russian,Cyrl,ru,"8,716",20 May 2001,
WikipÃ©dia em portuguÃªs,Portuguese,Latn,pt,"7,932",11 May 2001,
Wikipedia in italiano,Italian,Latn,it,"7,404",11 May 2001,
"Traditional Chinese: ä¸­æ–‡ç¶­åŸºç™¾ç§‘,simplified Chinese: ä¸­æ–‡ç»´åŸºç™¾ç§‘(pinyin: ZhÅngwÃ©n wÃ©ijÄ« bÇikÄ“)",Chinese (writtenvernacular Chinese),Hans/Hant,zh,"7,151",24 October 2002,
ÙˆÛŒÚ©ÛŒâ€ŒÙ¾Ø¯ÛŒØ§ÛŒ ÙØ§Ø±Ø³ÛŒ(VikipediÄ-ye FÄrsi),Persian,Arab,fa,"5,089",19 December 2003,
PolskojÄ™zyczna Wikipedia,Polish,Latn,pl,"4,518",26 June 2001,
ÙˆÙŠÙƒÙŠØ¨ÙŠØ¯ÙŠØ§ Ø§Ù„Ø¹Ø±Ø¨ÙŠØ©(WÄ«kÄ«bÄ«diyÄ al-Ê¿arabiyya),Arabic,Arab,ar,"3,640",8 July 2003,
Nederlandstalige Wikipedia,Dutch,Latn,nl,"3,394",19 June 2001,
×•×™×§×™×¤×“×™×” ×”×¢×‘×¨×™×ª(Vikipedya ha-ivrit),Hebrew,Hebr,he,"3,191",8 July 2003,
Ğ£ĞºÑ€Ğ°Ñ—Ğ½ÑÑŒĞºĞ° Ğ’Ñ–ĞºÑ–Ğ¿ĞµĞ´Ñ–Ñ(UkrayinsÊ¹ka Vikipediya),Ukrainian,Cyrl,uk,"2,666",30 January 2004,
TÃ¼rkÃ§e Vikipedi,Turkish,Latn,tr,"2,626",5 December 2002,
Wikipedia bahasa Indonesia,Indonesian,Latn,id,"2,439",30 March 2003,
ÄŒeskÃ¡ Wikipedie,Czech,Latn,cs,"2,095",3 May 2002,
SvensksprÃ¥kiga Wikipedia,Swedish,Latn,sv,"1,795",23 May 2001,
í•œêµ­ì–´ ìœ„í‚¤ë°±ê³¼(Han-gugeo wikibaekgwa),Korean,Hang,ko,"1,777",11 October 2002,
Wikipedia tiáº¿ng Viá»‡t,Vietnamese,Latn,vi,"1,508",November 2002 (unknown day),
à¸§à¸´à¸à¸´à¸à¸µà¹€à¸”à¸µà¸¢à¸ à¸²à¸©à¸²à¹„à¸—à¸¢(Wi-ki-phi-dia pha-sa thai),Thai,Thai,th,"1,436",December 2003 (unknown day),
Magyar WikipÃ©dia,Hungarian,Latn,hu,"1,411",8 July 2003,
Suomenkielinen Wikipedia,Finnish,Latn,fi,"1,378",21 February 2002,
Simple English Wikipedia,Simple English,Latn,simple,"1,334",18 September 2001,
à¤¹à¤¿à¤¨à¥à¤¦à¥€ à¤µà¤¿à¤•à¤¿à¤ªà¥€à¤¡à¤¿à¤¯à¤¾(HindÄ« vikipÄ«á¸iyÄ),Hindi,Deva,hi,960,11 July 2003,
ViquipÃ¨dia en catalÃ ,Catalan,Latn,ca,947,16 March 2001,
Norsk Wikipedia,Norwegian (BokmÃ¥l),Latn,no,918,26 November 2001,
à¦¬à¦¾à¦‚à¦²à¦¾ à¦‰à¦‡à¦•à¦¿à¦ªà¦¿à¦¡à¦¿à¦¯à¦¼à¦¾(Bangla uikipiá¸iáºa),Bengali,Beng,bn,896,26 January 2004,
Î•Î»Î»Î·Î½Î¹ÎºÎ® Î’Î¹ÎºÎ¹Ï€Î±Î¯Î´ÎµÎ¹Î±(EllinikÃ­ VikipaÃ­deia),Greek,Grek,el,895,1 December 2002,
Wikipedia Ã®n limba romÃ¢nÄƒ,Romanian,Latn,ro,792,12 July 2003,
Ğ’Ğ¸ĞºĞ¸Ğ¿ĞµĞ´Ğ¸Ñ˜Ğ° Ğ½Ğ° ÑÑ€Ğ¿ÑĞºĞ¾Ğ¼ Ñ˜ĞµĞ·Ğ¸ĞºÑƒ(Vikipedija na srpskom jeziku),Serbian,Cyrl/Latn,sr,721,16 February 2003,
OÊ»zbekcha Vikipediya(ĞĞ·Ğ±ĞµĞºÑ‡Ğ° Ğ’Ğ¸ĞºĞ¸Ğ¿ĞµĞ´Ğ¸Ñ),Uzbek,Latn/Cyrl,uz,683,21 December 2003,
Ğ‘ÑŠĞ»Ğ³Ğ°Ñ€Ğ¾ĞµĞ·Ğ¸Ñ‡Ğ½Ğ° Ğ£Ğ¸ĞºĞ¸Ğ¿ĞµĞ´Ğ¸Ñ(BÇlgaroeziÄna Uikipediya),Bulgarian,Cyrl,bg,664,6 December 2003,
Wikipedia Bahasa Melayu(ÙˆÙŠÚ©ÙŠÚ¤ÙŠØ¯ÙŠØ§ Ø¨Ù‡Ø§Ø³ Ù…Ù„Ø§ÙŠÙˆ),Malay,Latn,ms,660,26 October 2002,
Dansk Wikipedia,Danish,Latn,da,634,1 February 2002,
AzÉ™rbaycanca Vikipediya,Azerbaijani,Latn,az,576,January 2004 (unknown day),
Hrvatska Wikipedija,Croatian,Latn,hr,471,16 February 2003,
Eestikeelne Vikipeedia,Estonian,Latn,et,464,24 August 2002,
SlovenskÃ¡ Wikipedia,Slovak,Latn,sk,462,August 2003 (unknown day),
Õ€Õ¡ÕµÕ¥Ö€Õ¥Õ¶ ÕÕ«Ö„Õ«ÕºÕ¥Õ¤Õ«Õ¡(Hayeren VikÊ¿ipedia),Armenian,Armn,hy,459,July 2004 (unknown day),
Euskarazko Wikipedia,Basque,Latn,eu,307,6 December 2001,
LietuviÅ¡koji Vikipedija,Lithuanian,Latn,lt,302,20 February 2003,
Vikipedio en Esperanto,Esperanto,Latn,eo,293,6 November 2001,
à´®à´²à´¯à´¾à´³à´‚ à´µà´¿à´•àµà´•à´¿à´ªàµ€à´Ÿà´¿à´¯(MalayÄá¸·aá¹ƒ vikkipÄ«á¹­iya),Malayalam,Mlym,ml,293,21 December 2002,
Wikipedia Hausa,Hausa,Latn,ha,282,Unknown date,
à®¤à®®à®¿à®´à¯ à®µà®¿à®•à¯à®•à®¿à®ªà¯€à®Ÿà®¿à®¯à®¾(Tamiá¸» vikkippÄ«á¹­iyÄ),Tamil,Taml,ta,277,September 2003 (unknown day),
Ø§Ø±Ø¯Ùˆ ÙˆÛŒÚ©ÛŒÙ¾ÛŒÚˆÛŒØ§(UrdÅ« vikipÄ«á¸iyÄ),Urdu,Arab,ur,275,24 January 2004,
Traditional Chinese: ç²µæ–‡ç¶­åŸºç™¾ç§‘(Jyutping: jyut6 man4 wai4gei1 baak3 fo1),Cantonese,Hant,zh-yue,267,25 March 2006,
Slovenska Wikipedija,Slovene,Latn,sl,265,26 February 2002,
áƒ¥áƒáƒ áƒ—áƒ£áƒšáƒ˜ áƒ•áƒ˜áƒ™áƒ˜áƒáƒ”áƒ“áƒ˜áƒ(Kartuli vikâ€™ipâ€™edia),Georgian,Geor,ka,258,November 2003 (unknown day),
VikipÄ“dija latvieÅ¡u valodÄ,Latvian,Latn,lv,258,3 March 2003,
Ğ‘ĞµĞ»Ğ°Ñ€ÑƒÑĞºĞ°Ñ Ğ’Ñ–ĞºÑ–Ğ¿ĞµĞ´Ñ‹Ñ(Bielaruskaja Vikipiedyja),Belarusian (officialNarkamaÅ­ka orthography),Cyrl,be,252,12 August 2004 (original)27 March 2007 (clean version),
Galipedia or Wikipedia en galego,Galician,Latn,gl,240,8 March 2003,
ÒšĞ°Ğ·Ğ°Ò›ÑˆĞ° Ğ£Ğ¸ĞºĞ¸Ğ¿ĞµĞ´Ğ¸Ñ(QazaqÅŸa WÃ¯kÃ¯pedÃ¯ya)(Ù‚Ø§Ø²Ø§Ù‚Ø´Ø§ Û‹Ù‰ÙŠÙƒÙ‰ÙŠÙ¾Û•Ø¯Ù‰ÙŠÙŠØ§),Kazakh,Cyrl/Latn/Arab,kk,237,3 June 2002,
à°¤à±†à°²à±à°—à± à°µà°¿à°•à±€à°ªà±€à°¡à°¿à°¯à°¾(Telugu vikÄ«pÄ«á¸iyÄ),Telugu,Telu,te,235,10 December 2003,
ĞœĞ°ĞºĞµĞ´Ğ¾Ğ½ÑĞºĞ° Ğ’Ğ¸ĞºĞ¸Ğ¿ĞµĞ´Ğ¸Ñ˜Ğ°(Makedonska Vikipedija),Macedonian,Cyrl,mk,217,September 2003 (unknown day),
Wikipedia shqip,Albanian,Latn,sq,210,12 October 2003,
Afrikaanse Wikipedia,Afrikaans,Latn,af,202,16 November 2001,
à¤®à¤°à¤¾à¤ à¥€ à¤µà¤¿à¤•à¤¿à¤ªà¥€à¤¡à¤¿à¤¯à¤¾(MarÄá¹­hÄ« vikipÄ«á¸iyÄ),Marathi,Deva,mr,170,1 May 2003,
ÙˆÙŠÙƒÙŠÙ¾ÙŠØ¯ÙŠØ§ Ù…ØµØ±Ù‰(WÄ«kÄ«bÄ«diyÄ maá¹£ri),Egyptian Arabic,Arab,arz,167,24 November 2008,
Srpskohrvatska Wikipedija(Ğ¡Ñ€Ğ¿ÑĞºĞ¾Ñ…Ñ€Ğ²Ğ°Ñ‚ÑĞºĞ° Ğ’Ğ¸ĞºĞ¸Ğ¿ĞµĞ´Ğ¸Ñ˜Ğ°),Serbo-Croatian,Latn,sh,164,16 January 2002 â€“ 20 February 2005 (original)23 June 2005 (relaunch),
Vicipaedia Latina,Latin,Latn,la,161,May 2002 (unknown day),
Wikipedia ya Kiswahili,Swahili,Latn,sw,161,8 March 2003,
Wikipedya sa Sinugboanon,Cebuano,Latn,ceb,154,22 June 2005,
à²•à²¨à³à²¨à²¡ à²µà²¿à²•à²¿à²ªà³€à²¡à²¿à²¯(Kannaá¸a vikipÄ«á¸iya),Kannada,Knda,kn,148,June 2003 (unknown day),
Wikipedia na bosanskom jeziku,Bosnian,Latn,bs,146,12 December 2002,
ÙˆÛŒÚ©ÛŒÙ¾ÛŒØ¯ÛŒØ§ÛŒ Ú©ÙˆØ±Ø¯ÛŒÛŒ Ø³Û†Ø±Ø§Ù†ÛŒ(WÃ®kÃ®pÃ®diyay KurdÃ® SoranÃ®),Kurdish (Sorani),Arab,ckb,142,13 August 2009,
Ãslenska Wikipedia,Icelandic,Latn,is,138,5 December 2003,
á€™á€¼á€”á€ºá€™á€¬á€á€®á€€á€®á€•á€®á€¸á€’á€®á€¸á€šá€¬á€¸(Mranma wikipi:di:ya:),Burmese,Mymr,my,135,July 2004 (unknown day),
Wikipediang Tagalog,Tagalog,Latn,tl,129,1 December 2003,
Norsk (Nynorsk) Wikipedia,Norwegian (Nynorsk),Latn,nn,126,31 July 2004,
ĞœĞ¾Ğ½Ğ³Ğ¾Ğ» Ğ’Ğ¸ĞºĞ¸Ğ¿ĞµĞ´Ğ¸Ğ°(Mongol Vikipyedia),Mongolian,Cyrl,mn,117,28 February 2004,
à¨ªà©°à¨œà¨¾à¨¬à©€ à¨µà¨¿à¨•à©€à¨ªà©€à¨¡à©€à¨†(PaÃ±jÄbÄ« vikÄ«pÄ«á¸Ä«Ä),Punjabi,Guru,pa,116,3 June 2002,
Ğ‘ĞµĞ»Ğ°Ñ€ÑƒÑĞºĞ°Ñ Ğ’Ñ–ĞºÑ–Ğ¿ÑĞ´Ñ‹Ñ(Bielaruskaja Vikipiedyja),Belarusian(TaraÅ¡kievica orthography),Cyrl,be-tarask,115,27 March 2007,
Wicipedia Cymraeg,Welsh,Latn,cy,111,July 2003 (unknown day),
Wikipedia n'asturianu,Asturian,Latn,ast,104,20 July 2004,
WÃ®kÃ®pediya kurdÃ®(ÙˆÛŒÚ©ÛŒÙ¾Û•Ø¯ÛŒØ§ Ú©ÙˆØ±Ø¯ÛŒ),Kurdish (Kurmanji),Latn/Arab,ku,101,4 January 2004,
à¤¨à¥‡à¤ªà¤¾à¤²à¥€ à¤µà¤¿à¤•à¤¿à¤ªà¤¿à¤¡à¤¿à¤¯à¤¾(NepÄlÄ« vikipiá¸iyÄ),Nepali,Deva,ne,100,3 June 2002,
Scots WikipÃ¦dia,Scots,Latn,sco,97,23 June 2005,
Wikipedia e brezhoneg,Breton,Latn,br,95,June 2004 (unknown day),
à¦…à¦¸à¦®à§€à¦¯à¦¼à¦¾ à§±à¦¿à¦•à¦¿à¦ªà¦¿à¦¡à¦¿à¦¯à¦¼à¦¾(Ã”xÃ´miya wikipidiya),Assamese,Beng,as,94,2 June 2002,
WikipÃ¨dia en occitan,Occitan,Latn,oc,92,20 October 2003,
PeÌh-Åe-jÄ«: Holopedia orWikipedia BÃ¢n-lÃ¢m-gÃº,Southern Min,Latn,zh-min-nan,92,28 May 2004,
Frysktalige Wikipedy,West Frisian,Latn,fy,91,2 September 2002,
ØªÙˆØ±Ú©Ø¬Ù‡ ÙˆÛŒÚ©ÛŒâ€ŒÙ¾Ø¯ÛŒØ§(AzÉ™rbaycanca Vikipediya),South Azerbaijani,Arab,azb,90,July 2015,
Ğ’Ğ¸ĞºĞ¸Ğ¿ĞµĞ´Ğ¸ÑĞ¸ Ğ¢Ğ¾Ò·Ğ¸ĞºÓ£(Vikipedijai ToÃ§ikÄ«),Tajik,Cyrl/Latn,tg,88,27 January 2004,
Wikipedia basa Jawa,Javanese,Latn,jv,88,8 March 2004,
à¤¸à¤‚à¤¸à¥à¤•à¥ƒà¤¤à¤µà¤¿à¤•à¤¿à¤ªà¥€à¤¡à¤¿à¤¯à¤¾(Saá¹ƒská¹›ta vikipÄ«á¸iyÄ),Sanskrit,Deva,sa,81,December 2003 (unknown day),
ĞšÑ‹Ñ€Ğ³Ñ‹Ğ· Ğ’Ğ¸ĞºĞ¸Ğ¿ĞµĞ´Ğ¸ÑÑÑ‹(KÄ±rgÄ±z Wikipediya),Kyrgyz,Cyrl,ky,79,3 June 2002,
Wikipedia Igbo,Igbo,Latn,ig,78,Unknown date,
Alemannische Wikipedia,Alemannic German,Latn,als,78,13 November 2003,
Ğ¢Ğ°Ñ‚Ğ°Ñ€ Ğ’Ğ¸ĞºĞ¸Ğ¿ĞµĞ´Ğ¸ÑÑĞµ(Tatar WikipediÃ¤se),Tatar,Cyrl,tt,78,15 September 2003,
Waray Wikipedia,Waray,Latn,war,78,25 September 2005,
Soomaali Wikipedia,Somali,Latn,so,76,Unknown date,
WikipÃ©Ã©dÃ­Ã  YorÃ¹bÃ¡,Yoruba,Latn,yo,75,2008 (unknown date),
VicipÃ©id na Gaeilge,Irish,Latn,ga,75,October 2003 (unknown day),
à·ƒà·’à¶‚à·„à¶½ à·€à·’à¶šà·’à¶´à·“à¶©à·’à¶ºà·(Siá¹hala wikipÄ«á¸iyÄ),Sinhala,Sinh,si,73,Unknown date,
Wikipediya mu Ikinyarwanda,Kinyarwanda,Latn,rw,72,Unknown date,
"Traditional Chinese: å³èªç¶­åŸºç™¾ç§‘,simplified Chinese: å´è¯­ç»´åŸºç™¾ç§‘(Romanized: Wu-nyu Vi-ci-pah-khu)",Wu Chinese,Hans/Hant,wuu,70,1 October 2006,
Ğ‘Ğ°ÑˆÒ¡Ğ¾Ñ€Ñ‚ Ğ’Ğ¸ĞºĞ¸Ğ¿ĞµĞ´Ğ¸ÑÒ»Ñ‹(BaÅŸÄ·ort Vikipediya),Bashkir,Cyrl,ba,69,16 April 2005,
àª—à«àªœàª°àª¾àª¤à«€ àªµàª¿àª•àª¿àªªà«€àª¡àª¿àª¯àª¾(GujrÄtÄ« vikipÄ«á¸iyÄ),Gujarati,Gujr,gu,69,July 2004 (unknown day),
áœá·á‚á¸á—á¸áŒá¶á—á¶áŸá¶ááŸ’á˜áŸ‚áš(Vikiiphiidiaa phiÄƒsaa khmae),Khmer,Khmr,km,68,15 January 2005,
Wikipedia op LÃ«tzebuergesch,Luxembourgish,Latn,lb,68,21 July 2004,
Biquipedia en aragonÃ©s,Aragonese,Latn,an,67,21 July 2004,
WikipÃ©dia Basa Bali(á¬¯á¬¶á¬“á¬¶á¬§á¬¾á¬¤á¬¶á¬¬ á¬©á¬²á¬©á¬®á¬¶),Balinese,Latn,ban,64,14 October 2019,
Wikipedia in lombard,Lombard,Latn,lmo,63,October 2005 (unknown day),
"Ğ§ÄƒĞ²Ğ°Ñˆ Ğ’Ğ¸ĞºĞ¸Ğ¿ĞµĞ´Ğ¸Ğ¹Ä•(Russian-based: CÄƒvaÅ¡ VikipedijÄ•, Turkish-based: Ã‡ovaÅŸ VikipyediyÃ¶)",Chuvash,Latn,cv,63,22 November 2004,
ĞĞ¾Ñ…Ñ‡Ğ¸Ğ¹Ğ½ Ğ’Ğ¸ĞºĞ¸Ğ¿ĞµĞ´Ğ¸(NoxÃ§iyn Wikipedi),Chechen,Cyrl,ce,61,28 February 2005,
Boarische Wikipedia,Bavarian,Latn,bar,60,2 May 2006,
Wikipedyang Bikol Sentral,Central Bikol,Latn,bcl,58,24 November 2007,
Wikipedio en Ido,Ido,Latn,io,56,2004 (unknown date),
æ–‡è¨€ç¶­åŸºå¤§å…¸(WÃ©ijÄ« dÃ diÇn wÃ©nyÃ¡n),Classical Chinese,Hant,zh-classical,55,31 July 2006,
Wikipedia Fulfude,Fula,Latn,ff,53,Unknown date,
Ù¾ÚšØªÙˆ ÙˆÙŠÚ©ÙŠÙ¾ÛÚ‰ÙŠØ§(PaxÌŒtÃ³ wÄ«kÄ«peá¸yÄ),Pashto,Arab,ps,53,2003 (unknown date),
à½¢à¾«à½¼à½„à¼‹à½à¼‹à½à½ºà¼‹à½à½ºà¼‹à½¢à½²à½‚à¼‹à½˜à½›à½¼à½‘(Rdzong kha we khe rig mdzod),Dzongkha,Tibt,dz,52,Unknown date,
Ù¾Ù†Ø¬Ø§Ø¨ÛŒ ÙˆÚ©ÛŒÙ¾ÛŒÚˆÛŒØ§(PaÃ±jÄbÄ« vikÄ«pÄ«á¸Ä«Ä),Western Punjabi,Arab,pnb,51,24 October 2008,
Qaraqalpaq WikipediasÄ±,Karakalpak,Latn,kaa,50,Unknown date,
PlattdÃ¼Ã¼tsche Wikipedia,Low German,Latn,nds,50,April 2006 (unknown day),
Engliscan Ç·ikipÇ£dia,Old English,Latn,ang,50,Unknown date,
ÅšlÅ¯nsko Wikipedyjo,Silesian,Latn,szl,50,26 May 2008,
QÄ±rÄ±mtatarca Vikipediya,Crimean Tatar,Latn,crh,49,12 January 2008,
à¬“à¬¡à¬¼à¬¿à¬† à¬‰à¬‡à¬•à¬¿à¬ªà¬¿à¬¡à¬¼à¬¿à¬†(Oá¹›iÄ uikipiá¹›iÄ),Odia,Orya,or,49,June 2002 (unknown day),
Wikipedia isiZulu,Zulu,Latn,zu,49,2003 (unknown date),
Fiji Baat Wikipedia,Fiji Hindi,Latn,hif,48,Unknown date,
áŠ áˆ›áˆ­áŠ› á‹ŠáŠªá”á‹²á‹«(AmarÉ™Ã±Ã±a wikipediya),Amharic,Ethi,am,47,December 2002 (unknown day),
Wikipedia â€™n sicilianu,Sicilian,Latn,scn,47,5 October 2004,
WikipÃ©dia basa Sunda,Sundanese,Latn,su,47,15 March 2004,
ÙˆÙŠÙƒÙŠØ¨ÙŠØ¯ÙŠØ§ Ø§Ù„Ù…ØºØ±Ø¨ÙŠØ©(WÄ«kÄ«bÄ«diyÄ maá¸¡ribiyy),Moroccan Arabic,Arab,ary,46,20 July 2020,
Qhichwa Wikipidiya,Quechua (Southern Quechua),Latn,qu,46,January 2003 (unknown day),
à¤¬à¤¿à¤¹à¤¾à¤°à¥€ à¤µà¤¿à¤•à¤¿à¤ªà¥€à¤¡à¤¿à¤¯à¤¾(BihÄrÄ« vikipÄ«á¸iyÄ),Bihari (Bhojpuri),Deva,bh,46,21 February 2003,
FÃ¸roysk Wikipedia,Faroese,Latn,fo,44,30 May 2004,
Wikipedya kreyÃ²l ayisyen,Haitian Creole,Latn,ht,44,August 2005 (unknown day),
WikipÃ¨á¸ia bhÃ¢sa MadhurÃ¢,Madurese,Latn,mad,43,Unknown date,
Nordfriisk Wikipedia,North Frisian,Latn,frr,43,Unknown date,
Wikipedia en Å‚Ã©ngoa vÃ¨neta,Venetian,Latn,vec,43,Unknown date,
Wikipedia Sesotho,Sotho,Latn,st,42,Unknown date,
Wikipediya Luganda,Luganda,Latn,lg,41,Unknown date,
Wikipedia an piemontÃ¨isa,Piedmontese,Latn,pms,41,27 March 2006,
×™×™×“×™×©×¢ ×•×•×™×§×™×¤×¢×“×™×¢(Yidishe vikipedye),Yiddish,Hebr,yi,41,4 March 2004,
Ğ ÑƒÑĞ¸Ğ½ÑŒÑĞºĞ° Ğ’Ñ–ĞºÑ–Ğ¿ĞµĞ´Ñ–Ñ(RusÃ®n'ska Vikipedija),Rusyn,Cyrl,rue,40,23 January 2011,
Ğ¡Ğ°Ñ…Ğ°Ğ»Ñ‹Ñ‹ Ğ‘Ğ¸ĞºĞ¸Ğ¿Ğ¸ÑĞ´ÑŒĞ¸Ğ¹Ñ(Sahalyy BikipieÃ§je),Yakut,Cyrl,sah,40,26 May 2008,
á±¥á±Ÿá±±á±›á±Ÿá±²á±¤ á±£á±¤á± á±¤á±¯á±¤á±°á±¤á±­á±Ÿ(Santaá¹›i wikipiá¸iya),Santali,Olck,sat,40,2 August 2018,
Ô±Ö€Õ¥Ö‚Õ´Õ¿Õ¡Õ°Õ¡ÕµÕ¥Ö€Õ§Õ¶ ÕˆÖ‚Õ«Ö„Õ«ÖƒÕ¥Õ¿Õ«Õ¡(ArevmdahayerÄ“n UikÊ¿ipÊ¿etia),Western Armenian,Armn,hyw,40,1 April 2019,
Wikipedia amin'ny teny malagasy,Malagasy,Latn,mg,39,April 2004 (unknown day),
Ù…Ø§Ø²Ø±ÙˆÙ†ÛŒ ÙˆÛŒÚ©ÛŒâ€ŒÙ¾Ø¯ÛŒØ§(Mazandarani vikipedi),Mazanderani,Arab,mzn,39,Unknown date,
Wikipedia Minangkabau,Minangkabau,Latn,min,39,7 February 2013,
WikipÃ¨dia bahsa AcÃ¨h,Acehnese,Latn,ace,38,12 August 2009,
Wikipedija Malti,Maltese,Latn,mt,38,10 September 2004,
Wikipidia Twi,Twi,Latn,tw,38,Unknown date,
Wikipidia Dagbani,Dagbani,Latn,dag,37,Unknown date,
Wikipedia Dusun,Dusun,Latn,dtp,37,Unknown date,
Fante Wikipedia,Fante,Latn,fat,37,Unknown date,
Wikipedia in interlingua,Interlingua,Latn,ia,37,29 April 2002,
Wikipedia Ligure,Ligurian,Latn,lij,37,Unknown date,
Ø³Ù†ÚŒÙŠ ÙˆÚªÙŠÙ¾ÙŠÚŠÙŠØ§(Sindhi wikipidia),Sindhi,Arab,sd,37,6 February 2006,
ĞÔ¥ÑÑƒĞ° Ğ°Ğ²Ğ¸ĞºĞ¸Ğ¿ĞµĞ´Ğ¸Ğ°(Apsua avikipedia),Abkhaz,Cyrl,ab,36,Unknown date,
WikipiÉ–ia EÊ‹egbe,Ewe,Latn,ee,36,Unknown date,
WikipÃ­diya Igala,Igala,Latn,igl,36,Unknown date,
Limburgse Wikipedia,Limburgish,Latn,li,36,August 2004 (unknown day),
áƒ›áƒáƒ áƒ’áƒáƒšáƒ£áƒ áƒ˜ áƒ•áƒ˜áƒ™áƒ˜áƒáƒ”áƒ“áƒ˜áƒ(Margaluri vikâ€™ipâ€™edia),Mingrelian,Geor,xmf,36,12 June 2011,
Corsipedia or Wikipedia in lingua corsa,Corsican,Latn,co,35,9 December 2003,
áƒá“„á’ƒá‘á‘á‘¦ áŠá•†á…á™µáƒá¹(Uikipitia inuktitut),Inuktitut,Cans,iu,35,Unknown date,
VÃ¼kiped VolapÃ¼kik,VolapÃ¼k,Latn,vo,35,27 January 2004,
Wikipedia in Interlingue,Interlingue,Latn,ie,34,Unknown date,
Wikipidia basa Banjar,Banjarese,Latn,bjn,33,17 October 2010,
Vicipedia en lingua franca nova,Lingua Franca Nova,Latn,lfn,33,Unknown date,
Wikipedia in sardu,Sardinian,Latn,sc,33,April 2004 (unknown day),
Wukipedia nTyap,Tyap,Latn,kcg,33,Unknown date,
Nedersaksische Wikipedie,Dutch Low Saxon,Latn,nds-nl,33,24 March 2006,
Å½emaitÄ—Å¡ka VikipedÄ—jÄ—,Samogitian,Latn,bat-smg,33,25 March 2006,
Wikipediang KapampÃ¡ngan,Kapampangan,Latn,pam,31,2005 (unknown date),
á«á©á‡á—á¯ á£á³á©(Wigiquediya tsalagi),Cherokee,Cher,chr,30,May 2004 (unknown day),
PhaÌk-fa-sá¹³: HakkÃ¢pediaor Hak-kÃ¢-ngÃ® Wikipedia,Hakka Chinese,Latn,hak,30,27 May 2007,
Dolnoserbska wikipedija,Lower Sorbian,Latn,dsb,30,Unknown date,
Wikipedia napulitana,Neapolitan,Latn,nap,30,21 December 2006,
Ğ˜Ñ€Ğ¾Ğ½ Ğ’Ğ¸ĞºĞ¸Ğ¿ĞµĞ´Ğ¸(Iron Vikipedi),Ossetian,Cyrl,os,30,28 February 2005,
à²¤à³à²³à³ à²µà²¿à²•à²¿à²ªà³€à²¡à²¿à²¯(Tuá¸·u vikipÄ«á¸iya),Tulu,Knda,tcy,30,6 August 2016,
BÃ ng-uÃ¢-cÃª: BÃ nguÃ¢pediaor MÃ¬ng-dÄ•Ì¤ng-ngá¹³Ì„ Wikipedia,Eastern Min,Latn,cdo,29,30 September 2006,
VouiquipÃ¨dia en arpetan,Franco-ProvenÃ§al,Latn,frp,29,24 March 2006,
Hawaiâ€˜i Wikipikia,Hawaiian,Latn,haw,29,Unknown date,
âµ¡âµ‰â´½âµ‰â´±âµ‰â´·âµ¢â´° âµœâ´°âµâ´°âµ£âµ‰âµ–âµœ âµœâ´°âµâ´°âµ¡â´°âµ¢âµœ(Wikibidya tamaziÉ£t tanawayt),Standard Moroccan Amazigh,Tfng,zgh,29,Unknown date,
Ğ¡Ğ»Ğ¾Ğ²Ñ£Ğ½ÑŒÑĞºĞ° Ğ’Ğ¸ĞºĞ¸Ğ¿Ñ”Ğ´Ñ—ê™—(SlovÄ›nÄ­ska Vikipedija),Old Church Slavonic,Cyrs,cu,29,Unknown date,
Wikipedia Setswana,Tswana,Latn,tn,29,Unknown date,
Wikipedya Kernowek,Cornish,Latn,kw,28,Unknown date,
Vichipedie par furlan,Friulian,Latn,fur,28,25 January 2005,
àº§àº´àºàº´àºàºµà»€àº”àº àºàº²àºªàº²àº¥àº²àº§(Wi ki phÄ« dÄ«a phasa lao),Lao,Laoo,lo,28,Unknown date,
Wikipedia MÄori,MÄori,Latn,mi,28,2003 (unknown date),
Hornjoserbska wikipedija,Upper Sorbian,Latn,hsb,28,2 October 2006,
Wikipedia isiXhosa,Xhosa,Latn,xh,28,Unknown date,
Wikipediyay Zazaki,Zaza,Latn,diq,28,Unknown date,
VikipetÃ£ avaÃ±e'áº½me,Guarani,Latn,gn,28,Unknown date,
Wikipedia per ladin,Ladin,Latn,lld,28,17 August 2020,
Uicipeid na GÃ idhlig,Scottish Gaelic,Latn,gd,28,September 2003 (unknown day),
"Traditional Chinese: è´›èªç¶­åŸºç™¾ç§‘,simplified Chinese: èµ£è¯­ç»´åŸºç™¾ç§‘(PhaÌk-oa-chhi: Gon wÃ©ijÄ« bÇikÄ“)",Gan Chinese,Hans/Hant,gan,27,27 May 2008,
Oromoo Wikipedia,Oromo,Latn,om,27,Unknown date,
Wikipedia na papiamentu,Papiamento,Latn,pap,27,Unknown date,
VepsÃ¤n Vikipedii,Veps,Latn,vep,27,1 February 2012,
Wikipedia e walon,Walloon,Latn,wa,27,20 July 2003,
ĞšĞ¾Ğ¼Ğ¸ Ğ’Ğ¸ĞºĞ¸Ğ¿ĞµĞ´Ğ¸Ñ(Komi Vikipedija),Komi,Cyrl,kv,26,August 2004 (unknown day),
Ş‹Ş¨ŞˆŞ¬Ş€Ş¨ ŞˆŞ¨Ş†Ş¨Ş•Ş©Ş‘Ş¨Ş”Ş§(Dhivehi vikipÄ«á¸iyÄ),Maldivian,Thaa,dv,26,28 August 2004,
à½–à½¼à½‘à¼‹à½¡à½²à½‚à¼‹à½‚à½²à¼‹à½à½ºà¼‹à½à½ºà¼‹à½¢à½²à½‚à¼‹à½˜à½›à½¼à½‘(Wylie: Bod yig gi we khe rig mdzod),Central Tibetan (Lhasa Tibetan),Tibt,bo,26,Unknown date,
Wikipedia Chitumbuka,Tumbuka,Latn,tum,26,Unknown date,
TÃ¼rkmenÃ§e WikipediÃ½a,Turkmen,Latn,tk,26,16 February 2004,
ZeÃªuwstaelihe Wikipedia,Zeelandic,Latn,zea,26,Unknown date,
Ú©Ù²Ø´ÙØ± ÙˆÙÚ©ÛŒÙ–Ù¾ÛŒÙ–ÚˆÛŒØ§(Káº¡Ì„Å›ur vikipÄ«á¸iyÄ),Kashmiri,Arab,ks,26,25 March 2004,
UEY: Ø¦Û‡ÙŠØºÛ‡Ø±Ú†Û• Û‹Ù‰ÙƒÙ‰Ù¾ÛØ¯Ù‰ÙŠÛ•(ULY: Uyghur wikipÃ«diye)(UYY: Uyghur vikipediyÉ™)(UKY: Ğ£Ğ¹Ò“ÑƒÑ€ Ğ²Ğ¸ĞºĞ¸Ğ¿ĞµĞ´Ğ¸Ğ¹Ó™),Uyghur,Arab,ug,26,Unknown date,
Aymar Wikipidiya,Aymara,Latn,ay,25,Unknown date,
WikipÃ©di basa Betawi,Betawi,Latn,bew,25,Unknown date,
á¨“á¨—á¨€á¨—á¨„á¨™á¨‰á¨—á¨• á¨…á¨” á¨•á¨˜á¨á¨—(Wikipedia basa Ugi),Buginese,Bugi,bug,25,Unknown date,
ğŒ²ğŒ¿ğ„ğŒ¹ğƒğŒº ğ…ğŒ¹ğŒºğŒ¹ğ€ğŒ°ğŒ¹ğŒ³ğŒ¾ğŒ°(Gutisk wikipaidja),Gothic,Goth,got,25,Unknown date,
ĞĞ»Ñ‹Ğº ĞœĞ°Ñ€Ğ¸Ğ¹ Ğ’Ğ¸ĞºĞ¸Ğ¿ĞµĞ´Ğ¸Ğ¹(Olyk Marij Vikipedij),Meadow Mari,Cyrl,mhr,25,9 July 2009,
DavvisÃ¡megiel Wikipedia,Northern SÃ¡mi,Latn,se,25,20 July 2004,
Wikipedia long Bislama,Bislama,Latn,bi,24,Unknown date,
EmiliÃ n e rumagnÃ²l VichipedÃ¨ia,Emilianâ€“Romagnol,Latn,eml,24,Unknown date,
Wikipedia bahasa Hulontalo,Gorontalo,Latn,gor,24,18 April 2018,
Wikipedia nga Ilokano,Ilocano,Latn,ilo,24,2005 (unknown date),
Romani Vikipidiya,Romani (Vlax Romani),Latn,rmy,24,Unknown date,
á€á€®á‚‡á¶á€®á‚‡á½á€®á€¸á€á€®á€¸á€šá‚ƒá€¸á€á‚†á€¸(WiË-kÊ°iË-pÊ°iË-tiË-jaÉ‘Ë- tÃ¡y),Shan,Mymr,shn,24,14 November 2018,
Wikipedia siSwati,Swazi,Latn,ss,24,Unknown date,
West-Vlamse Wikipedia,West Flemish,Latn,vls,24,Unknown date,
à¤®à¥ˆà¤¥à¤¿à¤²à¥€ à¤µà¤¿à¤•à¤¿à¤ªà¤¿à¤¡à¤¿à¤¯à¤¾(MaithilÄ« vikipiá¸iyÄ),Maithili,Deva,mai,24,6 November 2014,
Wikipedia Chamoru,Chamorro,Latn,ch,23,Unknown date,
Wikipedia taqbaylit,Kabyle,Latn,kab,23,Unknown date,
Wikipedia yn Gaelg,Manx,Latn,gv,23,September 2003 (unknown day),
WikipÃ©dia in lingue picarde,Picard,Latn,pcd,23,Unknown date,
Ğ£Ğ´Ğ¼ÑƒÑ€Ñ‚ Ğ’Ğ¸ĞºĞ¸Ğ¿ĞµĞ´Ğ¸Ñ(Udmurt Vikipedija),Udmurt,Cyrl,udm,23,24 October 2005,
ĞĞ²Ğ°Ñ€ Ğ’Ğ¸ĞºĞ¸Ğ¿ĞµĞ´Ğ¸Ñ(Avar Vikipedija),Avar,Cyrl,av,22,Unknown date,
Ghanaian Pidgin Wikipedia,Ghanaian Pidgin English,Latn,gpe,22,Unknown date,
Ú¯ÛŒÙ„Ú©ÛŒ ÙˆÛŒÚ©ÛŒÙ¾Ø¯ÛŒØ§Ù°(GilÉ™ki vikipÓ©diya),Gilaki,Arab,glk,22,2006 (unknown date),
Ğ“ÓĞ°Ğ»Ğ³ÓĞ°Ğ¹ Ğ’Ğ¸ĞºĞ¸Ğ¿ĞµĞ´Ğ¸(Ghalghaj Vikipedi),Ingush,Cyrl,inh,22,18 April 2018,
Vikipedya en lingua Judeo-Espanyola,Judaeo-Spanish,Latn,lad,22,Unknown date,
Wikipediya mu Ikirundi,Kirundi,Latn,rn,22,Unknown date,
Wikipedia men Kotava,Kotava,Latn,avk,22,29 December 2020,
Wikipedia Saro Mandailing,Mandailing Batak,Latn,btm,22,Unknown date,
BiquipÃ©dia an lhÃ©ngua mirandesa,Mirandese,Latn,mwl,22,12 August 2009,
Vichipedia rumantscha,Romansh,Latn,rm,22,Unknown date,
VÃµrokeeline VikipeediÃ¤,VÃµro,Latn,fiu-vro,22,2005 (unknown date),
Wikipedia Wolof,Wolof,Latn,wo,22,Unknown date,
à¦¬à¦¿à¦·à§à¦£à§à¦ªà§à¦°à¦¿à¦¯à¦¼à¦¾ à¦®à¦£à¦¿à¦ªà§à¦°à§€ à¦‰à¦‡à¦•à¦¿à¦ªà¦¿à¦¡à¦¿à¦¯à¦¼à¦¾(BiÅŸnupriya mÃ´nipuri u'ikipiá¸iáºÄ),Bishnupriya Manipuri,Beng,bpy,21,November 2006 (unknown day),
AnarÃ¢Å¡kielÃ¢lÃ¢Å¡ Wikipedia,Inari SÃ¡mi,Latn,smn,21,19 October 2020,
ß¥ßßŒß”ß˜ß‹ßß ß’ßß(Wkipdeku n'ko),N'Ko,Nkoo,nqo,21,Unknown date,
NaijÃ¡ Wikipedia,Nigerian Pidgin,Latn,pcm,21,Unknown date,
Pennsilfaanisch-Deitsche Wikipedelche,Pennsylvania Dutch,Latn,pdc,21,Unknown date,
Wikkipedija en Ripoarisch Platt,Ripuarian,Latn,ksh,21,6 July 2005,
ĞĞ´Ñ‹Ğ³Ñ Ğ’Ğ¸ĞºĞ¸Ğ¿ĞµĞ´Ğ¸Ğµ(AdÄ±gÉ™ Vikipedie),Adyghe,Cyrl,ady,20,Unknown date,
WikipÃ©dia basa Banyumasan,Banyumasan,Latn,map-bms,20,2005 (unknown date),
Wikipedia Chichewa,Chewa,Latn,ny,20,Unknown date,
áá‘­á±á‘á”­ á“€á¦áƒá”­ááá£(Wikipitiya nÄ“hiyawÄ“win),Cree,Cans,cr,20,Unknown date,
à¤¡à¥‹à¤Ÿà¥‡à¤²à¥€ à¤µà¤¿à¤•à¤¿à¤ªà¤¿à¤¡à¤¿à¤¯à¤¾(á¸ŒÅá¹­Ä“lÄ« vikipiá¸iyÄ),Doteli,Deva,dty,20,Unknown date,
Ğ­Ñ€Ğ·ÑĞ½ÑŒ Ğ’Ğ¸ĞºĞ¸Ğ¿ĞµĞ´Ğ¸Ñ(ErzÃ¤Å„ Vikipedija),Erzya,Cyrl,myv,20,26 May 2008,
Gungbe Wikipedia,Gun,Latn,guw,20,Unknown date,
Ğ›ĞµĞ·Ğ³Ğ¸ Ğ’Ğ¸ĞºĞ¸Ğ¿ĞµĞ´Ğ¸Ñ(Lezgi VikipediÃ¤),Lezgian,Cyrl,lez,20,27 March 2012,
WikiibÃ­Ã­diiya DinÃ©k'ehjÃ­,Navajo,Latn,nv,20,Unknown date,
Wikipedia Li Niha,Nias,Latn,nia,20,Unknown date,
Wikipidya taclá¸¥iyt(âµ¡âµ‰â´½âµ‰âµ’âµ‰â´·âµ¢â´° âµœâ´°âµ›âµâµƒâµ‰âµœ),Shilha,Latn/Tfng,shi,20,30 June 2021,
Wikipitiya 'Amis,Amis,Latn,ami,19,Unknown date,
Wikipedia pri ArmÃ¢neaÈ™ti,Aromanian,Latn,roa-rup,19,2004 (unknown date),
Wikipedya É–Ã² FÉ”ngbemÉ›,Fon,Latn,fon,19,3 October 2023,
KaszÃ«bskÃ´ WikipedijÃ´,Kashubian,Latn,csb,19,31 March 2004,
ê¯ƒê¯¤ê¯‡ê¯©ê¯‚ê¯£ê¯Ÿ ê¯‹ê¯¤ê¯€ê¯¤ê¯„ê¯¦ê¯—ê¯¤ê¯Œê¯¥(Meeteilon weekeepaydeeya),Meitei,Mtei,mni,19,22 February 2021,
PÃ¤lzisch Wikipedia,Palatine German,Latn,pfl,19,Unknown date,
Ø³Ø±Ø§Ø¦ÛŒÚ©ÛŒ ÙˆÛŒÙ–Ú©ÛŒÙ–Ù¾ÛŒÚˆÛŒØ§(SarÄ'Ä«kÄ« vikipÄ«á¸iyÄ),Saraiki,Arab,skr,19,22 November 2020,
Sranan Wikipedia,Sranan Tongo,Latn,srn,19,Unknown date,
GÃ¼iquipeya en estremeÃ±u,Extremaduran,Latn,ext,19,27 January 2007,
à¤•à¥‹à¤‚à¤•à¤£à¥€ à¤µà¤¿à¤•à¤¿à¤ªà¥€à¤¡à¤¿à¤¯à¤¾(Konknni Wikipidia)(à²•à³Šà²‚à²•à³à²£à²¿ à²µà²¿à²•à²¿à²ªà³€à²¡à²¿à²¯à²¾),Konkani (Goan Konkani),Deva/Latn/Knda,gom,19,July 2015 (unknown day),
à¤…à¤µà¤§à¥€ à¤µà¤¿à¤•à¤¿à¤ªà¥€à¤¡à¤¿à¤¯à¤¾(AvadhÄ« vikipÄ«á¸iyÄ),Awadhi,Deva,awa,18,21 May 2020,
Chavacano Wikipedia,Zamboanga Chavacano,Latn,cbk-zam,18,Unknown date,
Uiqipitia IÃ±upiatun,IÃ±upiaq,Latn,ik,18,Unknown date,
LingÃ¡la Wikipedia,Lingala,Latn,ln,18,Unknown date,
Livvinkarjalan Wikipedii,Livvi-Karelian,Latn,olo,18,2016 (unknown date),
Huiquipedia nÄhuatlahtÅlcopa,Nahuatl,Latn,nah,18,August 2003 (unknown day),
"Augeron, Cotentinais, PercheronÂ [fr]:ViqÃ¹ipÃ©die normaundeAuregnais: OuitchipÃ©die NourmaoundeBrayonÂ [fr], Cauchois, RouennaisÂ [fr]:ViqÃ¹ipÃ©die normandeGuernÃ©siais: OuitchipÃ©die normandeJÃ¨rriais: OuitchipÃ©die NouormandeSercquiais: Witchipedi NormÃ£di",Norman,Latn,nrm,18,2006 (unknown date),
Wikipedhiya chiShona,Shona,Latn,sn,18,Unknown date,
TolyÅ¡É™ VikipedijÉ™,Talysh,Latn,tly,18,30 August 2023,
Veizgiek Bakgoh Vahcuengh,Zhuang (Standard Zhuang),Latn,za,18,Unknown date,
Ü˜ÜÜ©ÜÜ¦Ü•ÜÜ Ü Ü«Ü¢Ü Ü£Ü˜ÜªÜÜÜ(WÄ«qÄ«pedyÄÊ¾ leÅ¡Å¡ÄnÄ suryÄyÄ),Aramaic (Syriac),Syrc,arc,17,Unknown date,
Wikipedia ThuÉ”Å‹jÃ¤Å‹,Dinka,Latn,din,17,Unknown date,
Gagauzca Vikipediya,Gagauz,Latn,gag,17,Unknown date,
Jumiekan Patwa Wikipidia,Jamaican Patois,Latn,jam,17,Unknown date,
Vikipedeja latgaÄ¼u volÅ«dÄ,Latgalian,Latn,ltg,17,18 March 2011,
à¤µà¤¿à¤•à¤¿à¤ªà¤¿à¤¡à¤¿à¤¯à¤¾à¤¯à¥ à¤²à¤¸à¤•à¥à¤¸(Vikipiá¸iyÄya lasakÅ«sa),Newar,Deva,new,17,4 June 2006,
WikipÃ©dia iha lia-tetun,Tetum,Latn,tet,17,Unknown date,
Wikipedia long Tok Pisin,Tok Pisin,Latn,tpi,17,Unknown date,
Wikipediya Xitsonga,Tsonga,Latn,ts,17,Unknown date,
Wikipedia nga tshiVená¸“a,Venda,Latn,ve,17,Unknown date,
Ğ‘ÑƒÑ€ÑĞ°Ğ´ Ğ’Ğ¸ĞºĞ¸Ğ¿ĞµÑĞ´Ğ¸(Buryaad Vikipjeedi),Buryat (Russia Buriat),Cyrl,bxr,16,Unknown date,
Wikipediya kabÉ©yÉ›,Kabiye,Latn,kbp,16,Unknown date,
Wikipedia kikÃ´ngo,Kongo,Latn,kg,16,Unknown date,
ĞœĞ¾ĞºÑˆĞµĞ½ÑŒ Ğ’Ğ¸ĞºĞ¸Ğ¿ĞµĞ´Ğ¸ĞµÑÑŒ(MokÅ¡enj VikipedijesÊ¹),Moksha,Cyrl,mdf,16,26 May 2008,
Wikipedie in novial,Novial,Latn,nov,16,Unknown date,
Wikipitiya nu Sakizaya,Sakizaya,Latn,szy,16,22 November 2019,
UicchipÃ¨die tarandÃ­ne,Tarantino,Latn,roa-tara,16,Unknown date,
á‹ŠáŠªáá‹µá‹« á‰¥á‰µáŒáˆ­áŠ›(WikipÃ¤dya bÉ™tÉ™grÉ™Ã±Ã±a),Tigrinya,Ethi,ti,16,Unknown date,
Wikibitia na Tayal,Atayal,Latn,tay,15,Unknown date,
Kalaallisut Wikipedia,Greenlandic,Latn,kl,15,Unknown date,
GurenÉ› Wikipedia,Farefare (Gurene),Latn,gur,15,Unknown date,
ĞšÑŠĞ°Ñ€Ğ°Ñ‡Ğ°Ğ¹-ĞœĞ°Ğ»ĞºÑŠĞ°Ñ€ Ğ’Ğ¸ĞºĞ¸Ğ¿ĞµĞ´Ğ¸Ñ(QaraÃ§ay-Malqar WikipÃ©diya),Karachay-Balkar,Cyrl,krc,15,19 March 2010,
Wikipedia GÄ©gÄ©kÅ©yÅ©,Kikuyu,Latn,ki,15,Unknown date,
Ğ›Ğ°ĞºĞºÑƒ Ğ¼Ğ°Ğ·Ñ€Ğ°Ğ» Ğ’Ğ¸ĞºĞ¸Ğ¿ĞµĞ´Ğ¸Ñ(Lak:u mazral VikipediaË¤),Lak,Cyrl,lbe,15,Unknown date,
ni'o la .uikipedi'as. pe lo jbobau,Lojban,Latn,jbo,15,Unknown date,
Ğ¢Ó±ÑˆÑ‚Ó±Ğº Ğ°Ğ»Ñ‚Ğ°Ğ¹ Ğ’Ğ¸ĞºĞ¸Ğ¿ĞµĞ´Ğ¸Ñ(TÃ¼Å¡tÃ¼k altay Vikipediya),Southern Altai,Cyrl,alt,15,22 February 2021,
Vekepete'a TsÄ—hÃ©senÄ—stsestÈ¯tse,Cheyenne,Latn,chy,14,Unknown date,
ĞĞ´Ñ‹Ğ³ÑĞ±Ğ·Ñ Ğ£Ğ¸ĞºĞ¸Ğ¿ĞµĞ´Ğ¸Ñ(AdÄ±gÉ™bzÉ™ WikipediÄƒ),Kabardian,Cyrl,kbd,14,Unknown date,
á€á€³á€€á€³á€•á€³á€’á€³á€šá€¬á€™á€”á€º(WÄ«kÄ«pÄ«dÄ«ya mawn),Mon,Mymr,mnw,14,4 November 2019,
á€•á€¡á€­á€¯á€á€ºá‚á€á€®á€á€®á€•á€®á€¸á€’á€®á€¸á€šá€¬á€¸(PÇÊ¼Ç’ wikhipi:di:ya),Pa'O,Mymr,blk,14,Unknown date,
Wikipedia Pangasinan,Pangasinan,Latn,pag,14,Unknown date,
Ğ¢Ñ‹Ğ²Ğ° Ğ’Ğ¸ĞºĞ¸Ğ¿ĞµĞ´Ğ¸Ñ(TÄ±wa Vikipediya),Tuvan,Cyrl,tyv,14,11 August 2013,
Wikipedi Bamanankan,Bambara,Latn,bm,14,Unknown date,
Vaka-Viti Wikipedia,Fijian,Latn,fj,13,Unknown date,
WikipÃ©dja an kriyÃ²l gwiyannen,French Guianese Creole,Latn,gcr,13,22 November 2019,
ĞšÑ‹Ñ€Ñ‹Ğº Ğ¼Ğ°Ñ€Ğ»Ğ° Ğ’Ğ¸ĞºĞ¸Ğ¿ĞµĞ´Ğ¸(Kyryk marla Vikipedi),Hill Mari,Cyrl,mrj,13,17 October 2010,
Wikipedia Sesotho sa Leboa,Northern Sotho,Latn,nso,13,Unknown date,
Î Î¿Î½Ï„Î¹Î±ÎºÏŒÎ½ Î’Î¹ÎºÎ¹Ï€Î±Î¯Î´ÎµÎ¹Î±(PontiakÃ³n BikipaÃ­deia),Pontic Greek,Grek,pnt,13,5 March 2009,
Wikipedia gagana SÄmoa,Samoan,Latn,sm,13,Unknown date,
WÃ¯kÃ¯pÃªdÃ¯yÃ¤a na SÃ¤ngÃ¶,Sango,Latn,sg,13,Unknown date,
Seediq Wikipidiya,Seediq,Latn,trv,13,Unknown date,
Vitipetia Reo Tahiti,Tahitian,Latn,ty,13,Unknown date,
Wikipedia Ê»i lea fakatonga,Tongan,Latn,to,13,January 2004 (unknown day),
Wikipeetia sÃ¼ka wayuunaiki,Wayuu,Latn,guc,13,Unknown date,
Ğ¥Ğ°Ğ»ÑŒĞ¼Ğ³ Ğ‘Ğ¸ĞºĞ¸Ğ¿ĞµĞ´Ğ¸(HaÄ¾mg Vikipedi),Kalmyk Oirat,Cyrl,xal,12,24 March 2006,
ĞŸĞµÑ€ĞµĞ¼ ĞºĞ¾Ğ¼Ğ¸ Ğ’Ğ¸ĞºĞ¸Ğ¿ĞµĞ´Ğ¸Ñ(Perem komi Vikipedija),Komi-Permyak,Cyrl,koi,12,19 October 2010,
à¤µà¤¿à¤•à¤¿à¤ªà¥€à¤¡à¤¿à¤¯à¤¾,Angika,Deva,anp,11,22 March 2023,
Atikamekw Wikipetcia,Atikamekw,Latn,atj,11,Unknown date,
Norfuk Wikkapedya,Norfuk,Latn,pih,11,Unknown date,
wikipidiya nua pinayuanan,Paiwan,Latn,pwn,11,Unknown date,
à¤ªà¤¾à¤²à¤¿ à¤µà¤¿à¤•à¤¿à¤ªà¥€à¤¡à¤¿à¤¯à¤¾(PÄli vikipÄ«á¸iyÄ),Pali,Deva,pi,11,Unknown date,
SeelterfrÃ¤iske Wikipedia,Saterland Frisian,Latn,stq,11,Unknown date,
Wikipedia Batak Toba,Toba Batak,Latn,bbc,10,Unknown date,
Dagaare WikipiideÉ›,Dagaare,Latn,dga,9,Unknown date,
Wikipiidia KÊ‹saal,Kusaal,Latn,kus,8,Unknown date,
